{
  "mean": 0.5923170092473321,
  "std": 0.44440874715368694,
  "median": 0.8672261962788712,
  "q25": 0.0,
  "q75": 0.9858980120659387,
  "min": 0.0,
  "max": 0.9999999994374388
}